group,key,english,isizulu
DESIGN_STUDIO,designStepBase,Base,
DESIGN_STUDIO,designStepSector,Sector,
DESIGN_STUDIO,designStepWater,Water,
DESIGN_STUDIO,designStepEarthworks,Earthworks,
DESIGN_STUDIO,designStepZones,Zones,
DESIGN_STUDIO,designStepPlanting,Planting,
DESIGN_STUDIO,designStepStructures,Structures,
DESIGN_STUDIO,designStepReview,Review,
DESIGN_STUDIO,designStepGlossy,Glossy,
DESIGN_STUDIO,designGuidanceBase,Check your boundary and house are showing — trace them on the main map if not.,
DESIGN_STUDIO,designGuidanceSector,"The land's energies — sun, wind, fire, water. Nothing to draw: check it matches what you know of your land.",
DESIGN_STUDIO,designGuidanceWater,"Start with water: place tanks by roofs, mark taps, draw swale lines across the slope.",
DESIGN_STUDIO,designGuidanceEarthworks,"Shape the ground: swales and berms along the contour, terraces and banks on the steep parts. Turn Contours on to see the lines to follow.",
DESIGN_STUDIO,designGuidanceZones,"Paint your zones — Zone 1 nearest the kitchen door, wilder as numbers grow. Tap ""Where do my zones go?"" if you want Lima's advice.",
DESIGN_STUDIO,designGuidancePlanting,"Trees south of beds so they don't shade them. Tap a tree, then tap the map.",
DESIGN_STUDIO,designGuidanceStructures,"Add sheds, pens, compost, beehives — mind the beehive flight path.",
DESIGN_STUDIO,designGuidanceReview,"Toggle layers to check each map: water, zones, planting.",
DESIGN_STUDIO,designGuidanceGlossy,"Glossy map (beta · experimental) — the AI isn't reliable yet, and you may need a few tries.",
DESIGN_STUDIO,designWhyThisStep,Why this step?,
DESIGN_STUDIO,designStepProgress,Step {current} of {total},
DESIGN_STUDIO,designBack,Back,
DESIGN_STUDIO,designNext,Next,
DESIGN_STUDIO,designNextStep,Next: {step},
DESIGN_STUDIO,designGuideAllDone,All done — open to review,
DESIGN_STUDIO,designGuideStepByStep,step-by-step,
DESIGN_STUDIO,designGuideMinimise,Minimise guide,
DESIGN_STUDIO,designGuideCelebration,Nice — ticked off. Here’s the next one.,
DESIGN_STUDIO,designGuideOptional,optional,
DESIGN_STUDIO,designGuideSkipped,skipped,
DESIGN_STUDIO,designGuideDoThis,Do this,
DESIGN_STUDIO,designGuideSkip,Skip,
DESIGN_STUDIO,designGuideLater,Later,
DESIGN_STUDIO,designGuidePlanCrops,Plan my crops,
DESIGN_STUDIO,designGuidePlanCropsHint,Just beds & trees? Jump straight to planning what to grow — you can always come back.,
DESIGN_STUDIO,designGuideChecklistWorked,You’ve worked through the {step} checklist.,
DESIGN_STUDIO,designGuideWhyMatters,Why this matters,
DESIGN_STUDIO,designClose,Close,
DESIGN_STUDIO,designCancel,Cancel,
DESIGN_STUDIO,designLearn,Learn,
DESIGN_STUDIO,designDownload,Download,
DESIGN_STUDIO,designShare,Share,
DESIGN_STUDIO,designBackAction,Back,
DESIGN_STUDIO,designDelete,Delete,
DESIGN_STUDIO,designClearAll,Clear all,
DESIGN_STUDIO,designPhotoTitle,Use your own photo,
DESIGN_STUDIO,designPhotoIntro,Add a drone photo or any aerial photo of your land. You’ll be able to line it up and set the scale next.,
DESIGN_STUDIO,designPhotoChoose,Choose a photo,
DESIGN_STUDIO,designPhotoNotImage,That file is not a photo — please choose a JPEG or PNG.,
DESIGN_STUDIO,designPhotoReadError,Could not read that photo — please try another file.,
DESIGN_STUDIO,designPhotoOpenError,Could not open that photo — please try a JPEG or PNG.,
DESIGN_STUDIO,designPhotoPrepareError,Could not prepare the photo for saving.,
DESIGN_STUDIO,designPhotoSaveError,Could not save your photo — check you are signed in and try again.,
DESIGN_STUDIO,designPhotoUnknownError,Something went wrong saving your photo.,
DESIGN_STUDIO,designPhotoNorth,Turn the photo so the top faces north,
DESIGN_STUDIO,designPhotoRotateLeft,Rotate left 90 degrees,
DESIGN_STUDIO,designPhotoFineRotation,Fine rotation,
DESIGN_STUDIO,designPhotoRotateRight,Rotate right 90 degrees,
DESIGN_STUDIO,designPhotoNotTurned,Not turned — leave this if the photo already faces north.,
DESIGN_STUDIO,designPhotoTurned,Turned {degrees}°,
DESIGN_STUDIO,designPhotoSetScale,Set the scale,
DESIGN_STUDIO,designPhotoScaleHelp,"Tap two points in the photo that you know the real distance between — like two corners of a building, or two fence posts you can measure.",
DESIGN_STUDIO,designPhotoFirstPoint,Tap the first point.,
DESIGN_STUDIO,designPhotoSecondPoint,Now tap the second point.,
DESIGN_STUDIO,designPhotoEnterDistance,Now enter the real distance between them.,
DESIGN_STUDIO,designPhotoDistanceExample,e.g. 10,
DESIGN_STUDIO,designPhotoMetresApart,metres apart,
DESIGN_STUDIO,designPhotoRetap,Retap,
DESIGN_STUDIO,designPhotoChooseDifferent,Choose a different photo,
DESIGN_STUDIO,designPhotoSaving,Saving...,
DESIGN_STUDIO,designPhotoUse,Use this photo,
DESIGN_STUDIO,designPhotoZoomSize,Size,
DESIGN_STUDIO,designPhotoOpacityLabel,See through,
DESIGN_STUDIO,designPhotoPointInstruction,Tap point {point} of 2 on the photo. The photo will not move while you do.,
DESIGN_STUDIO,designPhotoMoveInstruction,Drag the photo to move it. Fade it down to match it against the satellite underneath.,
DESIGN_STUDIO,designStorageFull,"Storage full — your design is NOT being saved. Free up space, then re-open.",
DESIGN_STUDIO,designPhotoRemoveConfirm,"Remove your photo and go back to the satellite view?

Your design is not affected.",
DESIGN_STUDIO,designPhotoRemoveTitle,Remove your photo and go back to the satellite. Your design is not affected.,
DESIGN_STUDIO,designPhotoRemove,Remove photo,
DESIGN_STUDIO,designPhotoAdjust,Adjust photo,
DESIGN_STUDIO,designPhotoUseDifferent,Use a different photo,
DESIGN_STUDIO,designPhotoUseAerial,Use your own aerial photo,
DESIGN_STUDIO,designPhotoDragToMove,drag to move,
DESIGN_STUDIO,designPhotoTapping,Tapping…,
DESIGN_STUDIO,designPhotoAddScalePoint,Add scale point ({current}/{total}),
DESIGN_STUDIO,designPhotoUndoPoint,Undo point,
DESIGN_STUDIO,designPhotoScaleKept,Keeping your existing scale — re-measure only if it looks wrong.,
DESIGN_STUDIO,speciesPickerTitle,Plant Catalog,
DESIGN_STUDIO,speciesPickerFilteredFor,Filtered for {biome} biome,
DESIGN_STUDIO,speciesPickerBroadReach,Showing broad-reach species,
DESIGN_STUDIO,speciesPickerBroadReachSection,Broad-reach species (site climate unknown),
DESIGN_STUDIO,speciesPickerNoteLabel,Note:,
DESIGN_STUDIO,speciesPickerNoteBody,Not yet agronomist-reviewed. Use as a starting point.,
DESIGN_STUDIO,speciesPickerFrostNote,Frost-tender trees and shrubs are hidden where the modeled minimum reaches freezing; check the planting spot for frost.,
DESIGN_STUDIO,designAdvisorLayerWater,Water,
DESIGN_STUDIO,designAdvisorLayerZones,Zones,
DESIGN_STUDIO,designAdvisorLayerPlanting,Planting,
DESIGN_STUDIO,designAdvisorLayerStructures,Structures,
DESIGN_STUDIO,designAdvisorDesign,design,
DESIGN_STUDIO,designAdvisorTip,tip,
DESIGN_STUDIO,designAdvisorTips,tips,
DESIGN_STUDIO,designAdvisorTapToRead,Lima: {count} {layer} {tips} — tap to read,
DESIGN_STUDIO,designAdvisorMore,{count} more,
DESIGN_STUDIO,designAdvisorOtherLayers,+{count} {tips} on other layers,
DESIGN_STUDIO,designAdvisorAskLima,Ask Lima,
DESIGN_STUDIO,designAdvisorCloseTip,Close tip,
DESIGN_STUDIO,designAdvisorNothingToAdd,Lima had nothing to add on this one — your design looks sound.,
DESIGN_STUDIO,designAdvisorUnavailable,Could not reach Lima.,
DESIGN_STUDIO,designAdvisorRequestFailed,Request failed ({status}),
DESIGN_STUDIO,designCanvasUseInDesign,Use in design,
DESIGN_STUDIO,designCanvasLevelPlaceholder,"Level here (m), e.g. 0.0 or -3.0",
DESIGN_STUDIO,designCanvasSlopePlaceholder,Slope here (%) — avg {average}%,
DESIGN_STUDIO,designCanvasSwaleWidthLabel,Swale width (m),
DESIGN_STUDIO,designCanvasSwaleWidthPlaceholder,Enter width,
DESIGN_STUDIO,designCanvasFlatContours,Ground reads flat here — no useful contours to show,
DESIGN_STUDIO,designCanvasContourInterval,Approx. contours ~{interval} m apart — lay swales/vetiver along these lines,
DESIGN_STUDIO,designCanvasHideBase,Hide site references,
DESIGN_STUDIO,designCanvasShowBase,Show site references,
DESIGN_STUDIO,designCanvasBaseShown,Site references: shown — tap to hide,
DESIGN_STUDIO,designCanvasBaseHidden,Site references: hidden — tap to show,
DESIGN_STUDIO,designCanvasSectorOn,Sector energies on — tap to hide,
DESIGN_STUDIO,designCanvasShowSector,"Show sector energies (sun, wind, fire, water)",
DESIGN_STUDIO,designCanvasSectorShown,Sector energies: shown — tap to hide,
DESIGN_STUDIO,designCanvasSectorHidden,"Sector energies: sun path, wind, fire & water — tap to show",
DESIGN_STUDIO,designCanvasShowPhoto,Show your own photo instead of the satellite,
DESIGN_STUDIO,designCanvasShowSatellite,Show the satellite instead of your photo,
DESIGN_STUDIO,designCanvasPhotoShown,Your photo: shown — tap for the satellite,
DESIGN_STUDIO,designCanvasPhotoHidden,Satellite: shown — tap for your own photo,
DESIGN_STUDIO,designCanvasMultiOn,Multi-select on — tap to turn off,
DESIGN_STUDIO,designCanvasSelectMultiple,Select multiple,
DESIGN_STUDIO,designCanvasSelectingMultiple,"Selecting multiple — tap items to add, then Delete",
DESIGN_STUDIO,designCanvasCancel,✕ Cancel,
DESIGN_STUDIO,designCanvasPoint,↩ Point,
DESIGN_STUDIO,designCanvasFinish,✓ Finish {thing},
DESIGN_STUDIO,designCanvasLine,line,
DESIGN_STUDIO,designCanvasZone,Zone {zone},
DESIGN_STUDIO,designCanvasClose,Close,
DESIGN_STUDIO,designCanvasTidy,✓ Tidy outline,
DESIGN_STUDIO,designCanvasSnap,✓ Snap to neighbour,
DESIGN_STUDIO,designCanvasCleanup,✓ Clean up,
DESIGN_STUDIO,designCanvasMeasure,Measure a distance,
DESIGN_STUDIO,designCanvasMeasureOn,Measuring — tap along a path,
DESIGN_STUDIO,designCanvasMeasureHint,"Tap two points for a distance, or keep tapping to measure along a path.",
DESIGN_STUDIO,designCanvasMeasureAgain,Keep tapping to add legs to the path.,
DESIGN_STUDIO,designCanvasMeasureClear,Start over,
DESIGN_STUDIO,designCanvasMeasureActually,Actually,
DESIGN_STUDIO,designZuluDraftNotice,Unreviewed isiZulu draft. English stays beside translated photo and canvas guidance. Guidance not yet translated remains in English.,
DESIGN_STUDIO,designPaletteSelect,↖️ Select,
DESIGN_STUDIO,designPaletteUndo,↩️ Undo,
DESIGN_STUDIO,designPaletteRedo,↪️ Redo,
DESIGN_STUDIO,designPaletteDuplicate,📋 Duplicate,
DESIGN_STUDIO,designPaletteDuplicateTitle,Duplicate the selected item(s) — Cmd/Ctrl+D,
DESIGN_STUDIO,designPaletteTidy,🧹 Tidy,
DESIGN_STUDIO,designPaletteTidyTitle,Preview a tidied version of the selected outline,
DESIGN_STUDIO,designPaletteSnap,🧲 Snap,
DESIGN_STUDIO,designPaletteSnapTitle,Preview closing hairline seams with a neighbouring zone,
DESIGN_STUDIO,designPaletteCleanup,📐 Clean up,
DESIGN_STUDIO,designPaletteCleanupTitle,Preview straightening and evenly spacing the selected items,
DESIGN_STUDIO,designPaletteAngle,Angle,
DESIGN_STUDIO,designPaletteSize,Size,
DESIGN_STUDIO,designPaletteSizeLength,Length,
DESIGN_STUDIO,designPaletteGateLengthTitle,Gate length in metres,
DESIGN_STUDIO,designPaletteSizeDown,Shrink every selected item by 10% — positions stay put,
DESIGN_STUDIO,designPaletteSizeUp,Grow every selected item by 10% — positions stay put,
DESIGN_STUDIO,designPaletteSizeWidth,W,
DESIGN_STUDIO,designPaletteSizeWidthTitle,Set the width in metres for every selected item,
DESIGN_STUDIO,designPaletteSizeHeight,H,
DESIGN_STUDIO,designPaletteSizeHeightTitle,Set the height in metres for every selected item,
DESIGN_STUDIO,designPaletteDelete,🗑️ Delete,
DESIGN_STUDIO,designPaletteLayers,Layers,
DESIGN_STUDIO,designPaletteOff,off,
DESIGN_STUDIO,designPaletteAllOn,All on,
DESIGN_STUDIO,designPaletteAllOff,All off,
DESIGN_STUDIO,designPaletteNoLayers,No layers on — turn on an element layer (Layers ▸) to place its elements.,
DESIGN_STUDIO,designPaletteProLayers,PRO — showing elements for your switched-on layers. Toggle more in Layers ▸.,
DESIGN_STUDIO,designPaletteClimate,🌡️ Showing climate-suited planting options,
DESIGN_STUDIO,designPaletteClimateFor, for {biome},
DESIGN_STUDIO,designPaletteClimateHidden,. Deprecated/invasive or wrong-climate trees are hidden.,
DESIGN_STUDIO,designPaletteClimateTitle,Better in a different climate — {name} may struggle here,
DESIGN_STUDIO,designPaletteFrostRisk,ⓘ Frost risk,
DESIGN_STUDIO,designPaletteFrostHidden,Modeled minimum reaches freezing. Frost-sensitive options are hidden; check the planting spot for frost.,
DESIGN_STUDIO,designPaletteFrostCheck,⚠ Check frost,
DESIGN_STUDIO,designPaletteFrostCheckTitle,May need a sheltered spot or suitable cultivar. Check local frost before planting.,
DESIGN_STUDIO,designPaletteFrostUnavailable,Frost data unavailable — tree choices use the broad climate zone only.,
DESIGN_STUDIO,designPaletteExistingHelp,"Draw what’s already here — tap a feature, then trace its corners.",
DESIGN_STUDIO,designPaletteWindConfirmed,Wind confirmed:,
DESIGN_STUDIO,designPaletteRecorded,(recorded {date}),
DESIGN_STUDIO,designPaletteChange,Change,
DESIGN_STUDIO,designPaletteClear,Clear,
DESIGN_STUDIO,designPaletteRegionalWind,We think your prevailing wind comes from the {direction}. Is that right on your land?,
DESIGN_STUDIO,designPaletteNoRegionalWind,No regional wind pattern for this area yet — do you know which way your wind usually blows?,
DESIGN_STUDIO,designPaletteConfirm,Confirm,
DESIGN_STUDIO,designPaletteSetDirection,Set direction,
DESIGN_STUDIO,designPaletteNotSure,Not sure,
DESIGN_STUDIO,designPaletteTapPlace,Tap the map to place {name},
DESIGN_STUDIO,designPaletteDrawFeature,"Draw your {feature} — tap corners, then ✓ Finish",
DESIGN_STUDIO,designPalettePaintZone,Tap the map to paint Zone {zone},
DESIGN_STUDIO,designPaletteTapCorners,"Tap corners, then ✓ Finish",
DESIGN_STUDIO,designPaletteLearnAbout,Learn about this,
DESIGN_STUDIO,designPaletteCollapse,Collapse element palette,
DESIGN_STUDIO,designPaletteExpand,Expand element palette,
DESIGN_STUDIO,designPaletteLineSwale,Swale,
DESIGN_STUDIO,designPaletteSwaleLength,{length} m long,
DESIGN_STUDIO,designPaletteSwaleLengthTitle,Measured along the line you drew,
DESIGN_STUDIO,designPaletteWidth,Width,
DESIGN_STUDIO,designPaletteSwaleWidthPlaceholder,not stated,
DESIGN_STUDIO,designPaletteSwaleWidthTitle,Stated disturbed-ground width; leave blank when it has not been set,
DESIGN_STUDIO,designPaletteSwaleWidthLabel,Stated swale width in metres,
DESIGN_STUDIO,designPaletteShow,Show,
DESIGN_STUDIO,designPaletteSelectColumn,Select,
DESIGN_STUDIO,designPaletteMoveColumn,Move,
DESIGN_STUDIO,designPaletteLayerColumn,Layer,
DESIGN_STUDIO,designPaletteFloat,Float,
DESIGN_STUDIO,designPaletteFloatTitle,Float the element palette — drag it anywhere and scroll down through the chips,
DESIGN_STUDIO,designPaletteFloatLabel,Float the element palette,
DESIGN_STUDIO,designPaletteElements,Elements,
DESIGN_STUDIO,designPaletteElementsDragTitle,Drag Elements panel,
DESIGN_STUDIO,designPaletteLineFence,Fence,
DESIGN_STUDIO,designPaletteLinePath,Path,
DESIGN_STUDIO,designPaletteLinePipe,Pipe,
DESIGN_STUDIO,designPaletteLineDrip,Drip,
DESIGN_STUDIO,designPaletteLineGreywater,Greywater,
DESIGN_STUDIO,designPaletteLineWindbreak,Windbreak,
DESIGN_STUDIO,designPaletteLayerBase,Site references,
DESIGN_STUDIO,designPaletteLayerBoundary,Boundary,
DESIGN_STUDIO,designPaletteSymbolSize,Size,
DESIGN_STUDIO,designPaletteAreaFill,Fill,
DESIGN_STUDIO,designPaletteAreaFillHatch,Hatch,
DESIGN_STUDIO,designPaletteAreaFillTint,Tint,
DESIGN_STUDIO,designPaletteAreaFillStrength,Fill strength,
DESIGN_STUDIO,designPalettePlantFill,Plants,
DESIGN_STUDIO,designPaletteBedBlock,Bed block,
DESIGN_STUDIO,designPaletteBedLength,Length m,
DESIGN_STUDIO,designPaletteBedWidth,Width m,
DESIGN_STUDIO,designPaletteBedPath,Path m,
DESIGN_STUDIO,designPaletteBedCount,Beds,
DESIGN_STUDIO,designPaletteBedBlockPlace,Place block,
DESIGN_STUDIO,designPaletteBedBlockCancel,Cancel,
DESIGN_STUDIO,designPaletteClimateUnavailable,Climate data unavailable — all tree options shown.,
DESIGN_STUDIO,designPaletteLayerExisting,Existing,
DESIGN_STUDIO,designPaletteLayerWater,Water,
DESIGN_STUDIO,designPaletteLayerEarthworks,Earthworks,
DESIGN_STUDIO,designPaletteLayerZones,Zones,
DESIGN_STUDIO,designPaletteLayerPlanting,Planting,
DESIGN_STUDIO,designPaletteLayerStructures,Structures,
DESIGN_STUDIO,designPaletteLayerAccess,Access,
DESIGN_STUDIO,designPaletteLayerAnimals,Animals,
DESIGN_STUDIO,designPaletteLayerLabels,Labels,
DESIGN_STUDIO,designPaletteLayerIcons,Icons,
DESIGN_STUDIO,designPaletteLayerContours,Contours,
DESIGN_STUDIO,designPaletteLayerSector,Sector energies,
DESIGN_STUDIO,designPaletteShowAllElements,Show all,
DESIGN_STUDIO,designPrintTitle,Print / Export,
DESIGN_STUDIO,designPrintSubtitle,9-map plan set · exact · print-ready,
DESIGN_STUDIO,designPrintSheets,Sheets (one page each),
DESIGN_STUDIO,designPrintNothingDrawn,Nothing drawn on this layer yet,
DESIGN_STUDIO,designPrintPaper,Paper,
DESIGN_STUDIO,designPrintOrientation,Orientation,
DESIGN_STUDIO,designPrintLandscape,Landscape,
DESIGN_STUDIO,designPrintPortrait,Portrait,
DESIGN_STUDIO,designPrintInclude,Include on every page,
DESIGN_STUDIO,designPrintTitleBlock,Title block,
DESIGN_STUDIO,designPrintLegend,Legend,
DESIGN_STUDIO,designPrintScaleBar,Scale bar,
DESIGN_STUDIO,designPrintNorthArrow,North arrow,
DESIGN_STUDIO,designPrintBuildingPdf,Building PDF…,
DESIGN_STUDIO,designPrintExportPdf,Export PDF ({count} {pages}),
DESIGN_STUDIO,designPrintPage,page,
DESIGN_STUDIO,designPrintPages,pages,
DESIGN_STUDIO,designPrintSavingPngs,Saving PNGs…,
DESIGN_STUDIO,designPrintExportPngs,Export PNGs,
DESIGN_STUDIO,designPrintPreparing,Preparing…,
DESIGN_STUDIO,designPrintShare,"Share (WhatsApp, etc.)",
DESIGN_STUDIO,designPrintPreview,Preview,
DESIGN_STUDIO,designPrintFirstPage,first page,
DESIGN_STUDIO,designPrintOfPages,of {count},
DESIGN_STUDIO,designPrintRendering,Rendering…,
DESIGN_STUDIO,designPrintPreviewAlt,Print preview,
DESIGN_STUDIO,designPrintSelectSheet,Select at least one sheet.,
DESIGN_STUDIO,designPrintShareError,Could not share the plan set: {error},
DESIGN_STUDIO,designPrintPngError,Could not save the PNGs: {error},
DESIGN_STUDIO,designPrintPdfError,Could not build the PDF: {error},
DESIGN_STUDIO,designPrintSaveSimple,Save my plan,
DESIGN_STUDIO,designPrintPreviewError,Could not render the preview ({error}).,
DESIGN_STUDIO,designPrintRetry,Try again,
DESIGN_STUDIO,designPrintSheetBase,Existing Site & Base,
DESIGN_STUDIO,designPrintSheetSector,Sector Analysis,
DESIGN_STUDIO,designPrintSheetZones,Permaculture Zones,
DESIGN_STUDIO,designPrintSheetWater,Water & Irrigation,
DESIGN_STUDIO,designPrintSheetEarthworks,Earthworks & Contour Setting-Out,
DESIGN_STUDIO,designPrintSheetPlanting,Planting & Agroforestry,
DESIGN_STUDIO,designPrintSheetStructures,Livestock & Infrastructure,
DESIGN_STUDIO,designPrintSheetAll,Integrated Masterplan,
DESIGN_STUDIO,designPrintSheetImplementation,Implementation & Phasing,
DESIGN_STUDIO,designLessonHeading,LESSON,
DESIGN_STUDIO,designLessonClose,Close lesson,
DESIGN_STUDIO,designLessonPrinciple,The principle,
DESIGN_STUDIO,designLessonTryThis,Try this,
DESIGN_STUDIO,designLessonCourse,Learn more in the course,
DESIGN_STUDIO,designLessonDraft,Draft lesson — a fuller version is coming.,
DESIGN_STUDIO,designSectorNorth,N,
DESIGN_STUDIO,designSectorSouth,S,
DESIGN_STUDIO,designSectorEast,E,
DESIGN_STUDIO,designSectorWest,W,
DESIGN_STUDIO,designSectorFire,FIRE,
DESIGN_STUDIO,designSectorSun,SUN,
DESIGN_STUDIO,designSectorWinterShadow,Midwinter noon shadow ×{ratio},
DESIGN_STUDIO,designSectorSummer,SUMMER,
DESIGN_STUDIO,designSectorWinter,WINTER,
DESIGN_STUDIO,designSectorDownhill,DOWNHILL,
DESIGN_STUDIO,designSectorDownhillApprox,DOWNHILL ~,
DESIGN_STUDIO,designSectorFrost,FROST,
DESIGN_STUDIO,designSectorSeasonWind,{season} wind · {direction},
DESIGN_STUDIO,designSectorDirectionNorth,north,
DESIGN_STUDIO,designSectorDirectionNorthEast,north-east,
DESIGN_STUDIO,designSectorDirectionEast,east,
DESIGN_STUDIO,designSectorDirectionSouthEast,south-east,
DESIGN_STUDIO,designSectorDirectionSouth,south,
DESIGN_STUDIO,designSectorDirectionSouthWest,south-west,
DESIGN_STUDIO,designSectorDirectionWest,west,
DESIGN_STUDIO,designSectorDirectionNorthWest,north-west,
DESIGN_STUDIO,designSectorSunRow,☀️ Sun: strongest from the {direction} — put your beds on that side.,
DESIGN_STUDIO,designSectorSunMixed,"north in winter, south in summer",
DESIGN_STUDIO,designSectorWindSummer,{direction} in summer,
DESIGN_STUDIO,designSectorWindWinter,{direction} in winter,
DESIGN_STUDIO,designSectorWindRow,💨 Coordinate climate-grid mean: wind FROM the {directions}. Confirm on site.,
DESIGN_STUDIO,designSectorFireRow,🔥 Regional fire context: {season} Possible approach from the {direction} — confirm locally.,
DESIGN_STUDIO,designSectorWaterRow,💧 Water flows downhill to the {direction} — swales go ACROSS that flow{frost}.,
DESIGN_STUDIO,designSectorFrostNote," · frost settles low there on still, cold nights",
DESIGN_STUDIO,designSectorTitle,The land’s energies,
DESIGN_STUDIO,designSectorSource,site + regional,
DESIGN_STUDIO,designSectorOpenMap,Open this place on the map first to read its energies.,
DESIGN_STUDIO,designSectorLooksRight,Looks right,
DESIGN_STUDIO,designTankTitle,Tank calculator,
DESIGN_STUDIO,designTankNeedRain,Open this place on the map to fetch its rainfall first — then this sizes your tanks from the site’s real rain.,
DESIGN_STUDIO,designTankRoofArea,Roof area (m²),
DESIGN_STUDIO,designTankDailyUse,Daily use (ℓ),
DESIGN_STUDIO,designTankMethod,"From this site’s 30-yr rainfall, 0.80 roof runoff. A typical year — size up for drought.",
DESIGN_STUDIO,designTankEnterValues,Enter a roof area and daily use to size your tanks.,
DESIGN_STUDIO,designTankZuluDraftNotice,Unreviewed isiZulu draft. Read the English source beside each label and prompt; the sizing method remains in English.,
DESIGN_STUDIO,designGlossyPlanSet,Your plan set · 9 sheets (01–09),
DESIGN_STUDIO,designGlossySheetNumber,sheet {number},
DESIGN_STUDIO,designGlossySheet,sheet,
DESIGN_STUDIO,designGlossySheets,sheets,
DESIGN_STUDIO,designGlossyGenerateFive,✨ Generate 5 design sheets — AI (gpt-image-2),
DESIGN_STUDIO,designGlossyRenderingBackground,Rendering with gpt-image-2 in the background…,
DESIGN_STUDIO,designGlossyBatchNote,Whole · Zones · Water · Planting · Structures. Site & Phasing stay exact; Sector and Earthworks each have an AI option on their own sheet — lands in your gallery in a few minutes.,
DESIGN_STUDIO,designGlossyDrawing,Drawing…,
DESIGN_STUDIO,designGlossyAllExact,Create all design sheets →,
DESIGN_STUDIO,designGlossyStyle,Style,
DESIGN_STUDIO,designGlossyMoreStyles,More style packs →,
DESIGN_STUDIO,designGlossyRecommended,Recommended,
DESIGN_STUDIO,designGlossyChooseFinish,Choose your finish below.,
DESIGN_STUDIO,designGlossyHowFinishesWork,About your map,
DESIGN_STUDIO,designGlossyFinishHelp,"Exact Canvas is free and instant, and draws every label, legend and line at full sheet resolution. AI Polished saves that exact master first, then spends one paid AI render painting the map artwork — your boundary, labels, legend, title block, north arrow and scale bar are drawn back on top by the app afterwards, never by the model. Neither choice ever changes your canvas design.",
DESIGN_STUDIO,designGlossyFinishHelpFullTreatment,"Full Treatment is shelved and shown here for review only: it runs AI Polished, then spends a second paid render over the finished artwork.",
DESIGN_STUDIO,designGlossyExactAlt,Exact plan sheet of the design,
DESIGN_STUDIO,designGlossyAiAlt,AI artist’s impression of the design,
DESIGN_STUDIO,designGlossyBeta,Beta — may need a re-try,
DESIGN_STUDIO,designGlossyDownload,Download,
DESIGN_STUDIO,designGlossySavedMaps,Saved maps ({count}),
DESIGN_STUDIO,designGlossyPreviewTitle,Preview & Export,
DESIGN_STUDIO,designGlossyPreviewHelp,"Review the map, choose its finish, then export the sheets you need.",
DESIGN_STUDIO,designGlossyCurrentSettings,Current preview settings,
DESIGN_STUDIO,designGlossyPlanSetShort,Plan set,
DESIGN_STUDIO,designGlossyPlanSetValue,Design plan set,
DESIGN_STUDIO,designGlossyChooseSheet,Choose a sheet,
DESIGN_STUDIO,designGlossyOpenSaved,Open saved maps,
DESIGN_STUDIO,designGlossyExportShare,Export & Share,
DESIGN_STUDIO,designGlossyMapPreview,Map preview,
DESIGN_STUDIO,designGlossySeasonalSun,Seasonal sun,
DESIGN_STUDIO,designGlossyPreviewScope,Preview scope,
DESIGN_STUDIO,designGlossyThisSheet,This sheet,
DESIGN_STUDIO,designGlossyAllSheets,All sheets,
DESIGN_STUDIO,designGlossyManage,Manage,
DESIGN_STUDIO,designGlossySavedMapsSite,Site,
DESIGN_STUDIO,designGlossyChooseSavedMapsSite,Choose which site’s saved maps to show,
DESIGN_STUDIO,designGlossyCurrentSite,Current site,
DESIGN_STUDIO,designGlossyUnnamedSite,Unnamed site,
DESIGN_STUDIO,designGlossyNoSavedRail,Nothing saved for this site yet. Render a sheet and it will stay here for download and reuse.,
DESIGN_STUDIO,designGlossyExportSummary,Export summary,
DESIGN_STUDIO,designGlossyEdit,Edit,
DESIGN_STUDIO,designGlossyFormat,Format,
DESIGN_STUDIO,designGlossyInclude,Include,
DESIGN_STUDIO,designGlossyExportIncludes,Legend · Scale bar · North arrow · Labels,
DESIGN_STUDIO,designGlossyMoreOptions,More options,
DESIGN_STUDIO,designGlossyEngine,AI engine,
DESIGN_STUDIO,designGlossyQuality,Render quality,
DESIGN_STUDIO,designGlossyQualityHigh,High,
DESIGN_STUDIO,designGlossyQualityHighSub,sharpest · most expensive,
DESIGN_STUDIO,designGlossyQualityMedium,Medium,
DESIGN_STUDIO,designGlossyQualityMediumSub,about a quarter of the cost,
DESIGN_STUDIO,designGlossyQualityLow,Low,
DESIGN_STUDIO,designGlossyQualityLowSub,cheapest · for testing,
DESIGN_STUDIO,designGlossyQualityNote,"AI artwork can change or invent features. Source protections, labels and legend are applied afterwards, but compare positions and counts with your Exact Canvas map before using the illustration. Higher AI quality does not verify accuracy.",
DESIGN_STUDIO,designGlossyFinishHeading,Map style,
DESIGN_STUDIO,designGlossyExactCanvas,Design Map,
DESIGN_STUDIO,designGlossyExactCanvasHint,Your saved layout · ready to print,
DESIGN_STUDIO,designGlossyAiHybrid,AI Polished,
DESIGN_STUDIO,designGlossyAiHybridHint,AI-painted artwork · your labels & legend on top · 1 paid render,
DESIGN_STUDIO,designGlossyFullTreatment,Full Treatment (shelved),
DESIGN_STUDIO,designGlossyFullTreatmentHint,A 2nd AI pass over the finished sheet · 2 paid renders,
DESIGN_STUDIO,designGlossyGotIt,Got it,
DESIGN_STUDIO,designGlossyCloseSaved,Close saved maps,
DESIGN_STUDIO,designGlossyInspectFullScreen,Tap the map to inspect it full screen,
DESIGN_STUDIO,designGlossyClickMapToMinimise,Click map to minimise,
DESIGN_STUDIO,designGlossyNoSaved,No saved maps yet this session.,
DESIGN_STUDIO,designGlossyCloseFullScreen,Close full-screen map,
DESIGN_STUDIO,designGlossySavedOnDevice,Saved on this device — these stay here after you close the app.,
DESIGN_STUDIO,designGlossyShareError,Could not share this map — use Download instead.,
DESIGN_STUDIO,designGlossyRecommendedSuffix, (recommended),
DESIGN_STUDIO,designGlossySavedRender,Saved render · {date} · {provider},
DESIGN_STUDIO,designGlossyGeminiNote,Drawn by Gemini Pro — an illustrated analysis over your real site. About a minute.,
DESIGN_STUDIO,designGlossyExactFootnote,"Drawn from your saved design, with your site image, boundary, planting, structures and labels.",
DESIGN_STUDIO,designGlossyAnalysisFootnote,"Gemini Pro · illustrated analysis — great to look at, less exact on geometry.",
DESIGN_STUDIO,designGlossyEngineFootnote,"{engine} · if the result looks off, generate again or switch engine (More options).",
DESIGN_STUDIO,designGlossyExactVersion,Your canvas design is always the exact version.,
DESIGN_STUDIO,designGlossyOpenFullScreen,Open {label} full screen,
DESIGN_STUDIO,designGlossyOpenResult,Open {label} — {result},
DESIGN_STUDIO,designGlossyDeleteNamed,Delete {label},
DESIGN_STUDIO,designGlossyFullScreenNamed,Full-screen view of {label},
DESIGN_STUDIO,designGlossyEmptyAll,Nothing drawn yet — trace your boundary and place some elements first.,
DESIGN_STUDIO,designGlossyEmptyLayer,"No {stepLower} found on this design, so there’s nothing to map — draw them on the {step} step first. (A {stepLower} map is built from your real {stepLower}, never guessed. If you HAVE drawn them and still see this, it’s a bug — please report it.)",
DESIGN_STUDIO,designGlossyRenderFailed,Render failed.,
DESIGN_STUDIO,designGlossyFallbackGemini,gpt-image-2 was unavailable — generated with Gemini Pro instead.,
DESIGN_STUDIO,designGlossyRefreshed,Refreshed current sheet — preview updated in your gallery.,
DESIGN_STUDIO,designGlossyNothingToPhase,"Nothing to phase yet — trace your boundary and place some elements (water, beds, trees…) first. The implementation plan is built from your real design, never guessed.",
DESIGN_STUDIO,designGlossyGeneratingProgress,Generating your plan set… {count} {sheets} done,
DESIGN_STUDIO,designGlossyDoneExact,Done — {count} sheets in your gallery. Open it to view or Print the set.,
DESIGN_STUDIO,designGlossyStylingProgress,Styling your {style} plan set… {count} {sheets} done,
DESIGN_STUDIO,designGlossyNothingToStyle,Nothing to style yet — trace your boundary and place some elements first.,
DESIGN_STUDIO,designGlossyDoneStyle,Done — {count} {style} sheets in your gallery{fallback}. Open it to view or Print.,
DESIGN_STUDIO,designGlossyCouldNotStart,Could not start the render.,
DESIGN_STUDIO,designGlossyZonesDone,"Zones sheet done. Add water, planting or structures for more.",
DESIGN_STUDIO,designGlossyNothingToRender,Nothing to render yet — place some elements first.,
DESIGN_STUDIO,designGlossyBackgroundCount,Rendering {count} {sheets} in the background — they’ll appear in your gallery when ready (a few minutes). You can keep working.,
DESIGN_STUDIO,designGlossyFullPolishProgress,Step 3 of 3 — GPT Image is polishing the complete {layer} hybrid sheet in {style}. The exact master and the AI hybrid both remain saved separately.,
DESIGN_STUDIO,designGlossyBackgroundSheet,Rendering your {layer} sheet in the background — it’ll appear in your gallery when ready (a few minutes). You can keep working.,
DESIGN_STUDIO,designGlossySectorPolishProgress,Step 3 of 3 — GPT Image is polishing the complete {sheet} hybrid sheet. The exact master and the AI hybrid both remain saved separately.,
DESIGN_STUDIO,designGlossySectorHybrid,AI is painting the Sector Analysis hybrid underlayer; your measured bearings and legend lock back on top afterward. It’ll appear in your gallery when ready (a few minutes).,
DESIGN_STUDIO,designGlossyBaseHybrid,"Rendering your Existing Site hybrid in the background — the AI repaints the ground only; your boundary, roof and access stay exactly where they are. It’ll appear in your gallery when ready (a few minutes).",
DESIGN_STUDIO,designGlossyPhasingPolish,Step 3 of 3 — GPT Image is polishing the complete Implementation & Phasing hybrid sheet. The exact master and the AI hybrid both remain saved separately.,
DESIGN_STUDIO,designGlossyPhasingHybrid,AI is painting a decorative parchment background behind the phasing schedule; the complete schedule locks back on top afterwards. It’ll appear in your gallery when ready (a few minutes).,
DESIGN_STUDIO,designGlossySavingExact,Step 1 of {total} — saving the exact geometry-locked map first (no AI cost)…,
DESIGN_STUDIO,designGlossyBuildingExact,Drawing your saved design…,
DESIGN_STUDIO,designGlossyPaintingHybrid,"Step 2 of {total} — painting the AI hybrid underlayer, then locking your exact elements back on top…",
DESIGN_STUDIO,designGlossyPreparingHybrid,Preparing a geometry-locked AI hybrid from this exact sheet…,
DESIGN_STUDIO,designGlossyMissingHybrid,Your AI hybrid is finished and saved. The second polish pass was not started because you moved to a different sheet — open that sheet and choose Full Treatment to run it.,
DESIGN_STUDIO,designGlossyStartingPolish,Step 3 of 3 — starting one paid gpt-image-2 polish pass over the AI hybrid…,
DESIGN_STUDIO,designGlossyPolishing,Polishing the AI hybrid sheet…,
DESIGN_STUDIO,designGlossyRefreshing,Refreshing the current sheet…,
DESIGN_STUDIO,designGlossyLostConnection,Lost connection to the background render — it may still finish in the background; reopen this step in a few minutes to check before paying for a re-run.,
DESIGN_STUDIO,designGlossyAssembleError,The sheet rendered but could not be assembled on this device{detail} — tap Refresh to try again.,
DESIGN_STUDIO,designGlossyRenderIncomplete,The render did not complete — please try again.,
DESIGN_STUDIO,designGlossyReconnecting,Reconnecting to your background render…,
DESIGN_STUDIO,designGlossyResumeGaveUp,"Your AI render finished, but opening it kept crashing the app, so the app has stopped reopening it automatically. You can keep designing. To collect it, set Render quality to Standard and generate again, or open this design on a computer.",
DESIGN_STUDIO,designSpeciesSize,{height}m h × {width}m w,
DESIGN_STUDIO,designSpeciesSectionIndigenousFruit,Indigenous fruit,
DESIGN_STUDIO,designSpeciesSectionExoticFruitNuts,Exotic fruit & nuts,
DESIGN_STUDIO,designSpeciesSectionLargeTrees,Large trees,
DESIGN_STUDIO,designSpeciesSectionMediumTrees,Medium trees,
DESIGN_STUDIO,designSpeciesSectionSmallTreesShrubs,Small trees & large shrubs,
DESIGN_STUDIO,designSpeciesSectionShrubs,Shrubs,
DESIGN_STUDIO,designSpeciesSectionGroundcovers,Groundcovers & herbaceous,
DESIGN_STUDIO,designSpeciesSectionClimbers,Climbers,
DESIGN_STUDIO,designSpeciesUseFood,food,
DESIGN_STUDIO,designSpeciesUseNitrogenFixer,nitrogen fixer,
DESIGN_STUDIO,designSpeciesUsePollinator,pollinator,
DESIGN_STUDIO,designSpeciesUseHabitat,habitat,
DESIGN_STUDIO,designSpeciesUseShade,shade,
DESIGN_STUDIO,designSpeciesUseWindbreak,windbreak,
DESIGN_STUDIO,designSpeciesUseFodder,fodder,
DESIGN_STUDIO,designSpeciesUseMulch,mulch,
DESIGN_STUDIO,designSpeciesUseLivingFence,living fence,
DESIGN_STUDIO,designSpeciesUseErosionControl,erosion control,
DESIGN_STUDIO,designSpeciesUseMedicinal,medicinal,
DESIGN_STUDIO,designSpeciesUseTimber,timber,
DESIGN_STUDIO,designSpeciesUseGroundcover,groundcover,
JOURNAL,homeQuickJournalDesc,Notes & photos,
JOURNAL,journalLocalOnlyNote,Kept on this phone.,
JOURNAL,journalWeightsLiveElsewhere,Harvest weights and sales go in My Records.,
JOURNAL,journalOpenRecords,Open My Records,
LIMA,limaWhoIs,"Lima, your planting helper",
LIMA,limaAskButton,Ask for help,
LIMA,limaPhotoButton,Photo,
MENTOR,mentorZuluDraftNotice,"The isiZulu wording in this visit workspace is an unreviewed draft. English is shown beside location, privacy, assessment and save meanings. Your notes and names stay exactly as you entered them.",
MENTOR,mentorProgrammeCoordination,Programme coordination,
MENTOR,mentorTeamsGuidanceHeading,Mentor teams & guidance,
MENTOR,mentorMyFieldwork,My fieldwork,
MENTOR,mentorGiveEachMentorIntro,"Give each mentor a clear group, programme focus and current instructions.",
MENTOR,mentorSupportGardenIntro,Support the garden. Build practical skills. Follow through on agreed actions.,
MENTOR,mentorRecordFieldVisit,Record a field visit,
MENTOR,mentorTrainingAttendance,Training & attendance,
MENTOR,mentorOrganisationIdLabel,Organisation ID,
MENTOR,mentorOrganisationIdPlaceholder,Select the organisation you administer,
MENTOR,mentorLoadingFieldTeam,Loading field team…,
MENTOR,mentorFieldworkViewsAria,Fieldwork views,
MENTOR,mentorTabPriorities,Priorities,
MENTOR,mentorTabPeopleGardens,People & gardens,
MENTOR,mentorTabVisitRecords,Visit records,
MENTOR,mentorTabFieldReport,Field report,
MENTOR,mentorRecordScopePrefix,Record scope,
MENTOR,mentorParticipantLabel,Participant,
MENTOR,mentorAllAssignedParticipants,All assigned participants,
MENTOR,mentorFromDateLabel,From date,
MENTOR,mentorToDateLabel,To date,
MENTOR,mentorClearFilters,Clear filters,
MENTOR,mentorFiltersExplain,"These filters apply to visit figures, follow-ups and the field report. Assignments describe your current team.",
MENTOR,mentorMoreHistoryNotice,{count} visit records loaded. More history is available. Load it before viewing complete coverage figures or preparing the field report.,
MENTOR,mentorLoadingEllipsis,Loading…,
MENTOR,mentorLoadMoreVisitHistory,Load more visit history,
MENTOR,mentorChooseEndDate,Choose an end date on or after the start date.,
MENTOR,mentorMetricAssignedParticipants,Assigned participants,
MENTOR,mentorMetricCurrentFieldTeam,Current field team,
MENTOR,mentorMetricParticipantsVisited,Participants visited,
MENTOR,mentorCoverageAria,{visited} visited; {unvisited} without a visit in this period,
MENTOR,mentorStillToVisit,{count} still to visit in this period,
MENTOR,mentorMetricFollowUpsDue,Follow-ups due,
MENTOR,mentorOpenActionsDueToday,Open actions due by today,
MENTOR,mentorMetricVisitsRecorded,Visits recorded,
MENTOR,mentorWithinSelectedPeriod,Within the selected period,
MENTOR,mentorWhatNeedsAttention,What needs attention,
MENTOR,mentorOpenActionsCount,{count} open actions,
MENTOR,mentorNoOpenActions,No open actions recorded in this selection. Check visits and agree the next support needed.,
MENTOR,mentorActionCompleted,Completed,
MENTOR,mentorFollowUpOverdue,Follow-up overdue,
MENTOR,mentorFollowUpToday,Follow up today,
MENTOR,mentorFollowUpScheduled,Follow-up scheduled,
MENTOR,mentorDateNeeded,Date needed,
MENTOR,mentorOwnerNeeded,Owner needed,
MENTOR,mentorAgreeFollowUpDate,Agree a follow-up date,
MENTOR,mentorReviewAction,Review action,
MENTOR,mentorViewAllVisitActions,View all visit actions,
MENTOR,mentorPlanNextVisit,Plan the next garden visit,
MENTOR,mentorParticipantsWithoutVisit,{count} participants without a visit in this period,
MENTOR,mentorSearchAssignedGroup,"Search your assigned group, open their recent records, or start a visit with their name already selected.",
MENTOR,mentorOpenPeopleGardens,Open people & gardens,
MENTOR,mentorVisitDetailsAria,Visit details,
MENTOR,mentorFieldVisitDetailsHeading,Field visit details,
MENTOR,mentorEditFieldVisit,Edit field visit,
MENTOR,mentorCloseVisit,Close visit,
MENTOR,mentorPreparingVisitPhotos,Preparing visit photos…,
MENTOR,mentorVisitPhotosLoadFailed,Visit photos could not be loaded. Close and reopen this visit before editing it.,
MENTOR,mentorChooseParticipant,Choose a participant,
MENTOR,mentorVisitDateLabel,Visit date,
MENTOR,mentorSiteLocationLabel,Site location (optional),
MENTOR,mentorSiteLocationPlaceholder,"Garden name, meeting point or directions",
MENTOR,mentorLocationMapDirections,"Location, map & directions",
MENTOR,mentorSupportAreasCovered,Support areas covered,
MENTOR,mentorFocusGarden,Garden establishment & upkeep,
MENTOR,mentorFocusWater,Water access & repairs,
MENTOR,mentorFocusSoil,Soil health & compost,
MENTOR,mentorFocusSeedlings,Seedlings & seed saving,
MENTOR,mentorFocusCrops,Crop care & protection,
MENTOR,mentorFocusHarvest,Harvest & food distribution,
MENTOR,mentorFocusLearning,Practical skills & coaching,
MENTOR,mentorFocusRecords,Records & livelihood support,
MENTOR,mentorSupportRequestedLabel,Support requested,
MENTOR,mentorSupportRequestedPlaceholder,"Water, tools, inputs, crop care, records or other support requested",
MENTOR,mentorObservationsLabel,Observations and issues,
MENTOR,mentorObservationsPlaceholder,Describe the garden condition and what you checked. Include quantities and units when measured.,
MENTOR,mentorAgreedActionLabel,Agreed action,
MENTOR,mentorAgreedActionPlaceholder,What will happen next?,
MENTOR,mentorResponsiblePersonLabel,Responsible person,
MENTOR,mentorResponsiblePersonPlaceholder,Who will carry out the action?,
MENTOR,mentorFollowUpDateLabel,Follow-up date,
MENTOR,mentorPracticalSkillCheck,Practical skill check,
MENTOR,mentorPracticalSkillIntro,Record a skill demonstrated in the garden separately from course completion or attendance.,
MENTOR,mentorSkillObserved,Skill observed,
MENTOR,mentorSkillObservedPlaceholder,e.g. weigh and record a harvest,
MENTOR,mentorObservationResultLabel,Observation result,
MENTOR,mentorSkillNotAssessed,Not assessed,
MENTOR,mentorSkillDemonstrated,Demonstrated during this visit,
MENTOR,mentorSkillNeedsSupport,Needs further support,
MENTOR,mentorCloseOutAction,Close out this action,
MENTOR,mentorCloseOutIntro,Mark completion only after checking what changed. Leave the date blank while the action is open.,
MENTOR,mentorCompletedOnLabel,Completed on,
MENTOR,mentorCompletionEvidenceLabel,Completion evidence,
MENTOR,mentorCompletionEvidencePlaceholder,"What was completed, and how did you check it?",
MENTOR,mentorOriginalNotesSummary,Original notes before AI cleanup,
MENTOR,mentorVisitNotesVisibility,Visit notes and photos are visible to the assigned mentor and authorised organisation staff.,
MENTOR,mentorSavingEllipsis,Saving…,
MENTOR,mentorSaveVisit,Save visit,
MENTOR,mentorReportUsesSavedVisit,This report uses the saved visit. Save any edits to update it.,
MENTOR,mentorRecordedVisitsAria,Recorded field visits,
MENTOR,mentorRecordedVisitsHeading,Recorded visits,
MENTOR,mentorNoVisitsRecorded,No visits recorded for this selection.,
MENTOR,mentorCompletedActionLabel,Completed action:,
MENTOR,mentorNextActionLabel,Next action:,
MENTOR,mentorResponsibleLabel,Responsible:,
MENTOR,mentorNotYetAssigned,Not yet assigned,
MENTOR,mentorFollowUpLabel,Follow-up:,
MENTOR,mentorNotYetScheduled,Not yet scheduled,
MENTOR,mentorCompletedLabel,Completed:,
MENTOR,mentorVisitPhotosCount,{count} visit photos,
MENTOR,mentorViewEditVisit,View / edit visit,
MENTOR,mentorViewVisit,View visit,
MENTOR,mentorShowMoreVisits,Show more visits ({count} remaining),
MENTOR,mentorFindParticipantLabel,Find a participant or garden,
MENTOR,mentorSearchNamesGardens,Search names or gardens,
MENTOR,mentorGardenLocationTBD,Garden location to be recorded,
MENTOR,mentorMostRecentLoadedVisit,Most recent loaded visit,
MENTOR,mentorLastRecordedVisit,Last recorded visit,
MENTOR,mentorNoVisitInHistoryLoaded,No visit in the history loaded so far,
MENTOR,mentorNoVisitRecordedYet,No visit recorded yet,
MENTOR,mentorRecordVisitButton,Record visit,
MENTOR,mentorLatestVisitButton,Latest visit,
MENTOR,mentorNoParticipantsMatch,No participants match this selection.,
MENTOR,mentorNoFieldTeamAssigned,No field team assigned yet. Your organisation can assign one in Control centre → Mentor teams.,
MENTOR,mentorOrganisationGuidanceHeading,Organisation guidance,
MENTOR,mentorNoGuidancePosted,No guidance posted yet.,
MENTOR,mentorAssignedParticipantsCount,{count} assigned participants,
MENTOR,mentorLabelPrefix,Mentor:,
MENTOR,mentorUpdatedPrefix,updated,
MENTOR,mentorEditTeamGuidance,Edit team & guidance,
MENTOR,mentorAssignUpdateTeam,Assign or update a team,
MENTOR,mentorMentorLabel,Mentor,
MENTOR,mentorChooseMentorOption,Choose a mentor,
MENTOR,mentorServiceLocationLabel,Service location,
MENTOR,mentorProgrammeFocusLabel,Programme focus,
MENTOR,mentorParticipantGroupHeading,Participant group,
MENTOR,mentorGuidanceForMentorLabel,Guidance for this mentor,
MENTOR,mentorSaveTeamGuidance,Save team & guidance,
MENTOR,mentorFirstRecordedVisit,First recorded visit,
MENTOR,mentorLatestRecordedVisitLabel,Latest recorded visit,
MENTOR,mentorFormerTeamMember,Former team member,
MENTOR,mentorInternalReportNotice,Internal mentor report · Includes private visit notes. Use the organisation’s published programme report when sharing with funders.,
MENTOR,mentorAccessCheckHeading,Check a member’s saved access,
MENTOR,mentorAccessCheckIntro,"Select a member to see their effective programme permissions and assigned farmer group. Save changes in People & permissions first, then refresh here.",
MENTOR,mentorAccessOrgLabel,Organisation,
MENTOR,mentorAccessMemberLabel,Member,
MENTOR,mentorAccessChooseMember,Choose a member,
MENTOR,mentorAccessRoleOrganisation,Organisation,
MENTOR,mentorAccessRefreshButton,Refresh saved access,
MENTOR,mentorAccessChecking,Checking saved access…,
MENTOR,mentorAccessSettingsLabel,Access settings,
MENTOR,mentorAccessCurrentServerSettings,Current server settings,
MENTOR,mentorAccessCheckedAtPrefix,checked,
MENTOR,mentorAccessAllowed,✓ Allowed,
MENTOR,mentorAccessNotAllowed,— Not allowed,
MENTOR,mentorAccessAssignedFieldGroup,Assigned field group,
MENTOR,mentorAccessNoLocationAssigned,No location assigned.,
MENTOR,mentorAccessNoFarmersAssigned,No current farmers or students assigned.,
MENTOR,mentorAccessTrainingRecordsNote,"Training records are limited to this mentor’s own sessions. Private assessment analysis, when enabled above, covers the organisation’s assessments.",
MENTOR,mentorAccessReadOnlyNotice,"This is a read-only access check for programme tools, not a sign-in as this member. It does not reveal their private responses or change their role. Other app features do not yet have individual switches here.",
MENTOR,mentorRoleFarmer,Farmer,
MENTOR,mentorRoleMentor,Mentor,
MENTOR,mentorRoleStudent,Student,
MENTOR,mentorRoleNgo,NGO Staff,
MENTOR,mentorRoleFunder,Funder,
MENTOR,mentorRoleAdmin,Admin,
MENTOR,mentorVisibleOnMapAria,Visible on map,
MENTOR,mentorPeopleUnavailableHeading,People unavailable,
MENTOR,mentorPeopleUnavailableBody,"You may not have access to your organisation directory, or the connection is unavailable.",
MENTOR,mentorNoTeamMembersFound,No team members found. Invite colleagues to join your organisation.,
MENTOR,mentorUnknownName,Unknown,
MENTOR,mentorYouBadge,You,
MENTOR,mentorYourProfileFallback,Your profile,
MENTOR,mentorTapToViewEdit,Tap to view and edit,
MENTOR,mentorEditProfileButton,Edit profile,
MENTOR,mentorProjectTeamLabel,Project team,
MENTOR,mentorMemberSingular,member,
MENTOR,mentorMemberPlural,members,
MENTOR,mentorProfilePhotoAlt,Profile photo,
